date,writerName,title,content,url,image_url
20250206,뉴시스,앞으로 명절상여금·휴가비도 통상임금…고용부 개정 지침,"대법원 판결에 통상임금 확대 12월 19일 이후 산정부터 적용 정기상여금·최소한도 성과급 해당 격려금·인센티브 등은 해당 안돼 ""컨설팅 지원해 사내 혼란 줄일 것"" [서울=뉴시스]권신혁 기자 = 통상임금의 범위가 확대됐다. 앞으로 명절상여금, 휴가비, 체력단련비 등도 통상임금에 포함되게 된다. 고용노동부는 6일 이 같은 내용을 담은 개정 통상임금 노사지도 지침을 발표했다. 통상임금은 연장근로수당, 야간근로수당, 휴일근로수당, 육아휴직급여, 퇴직금 등 법정수당 산정을 위한 도구다. 앞서 대법원은 지난해 12월 19일 통상임금 개념에서 `고정성(지급 여부나 지급액이 사전에 확정돼야 한다는 조건)` 요건을 폐기했다. 특정 시점 재직 여부, 근무일수 조건 등을 고려하는 것이 통상임금 범위를 부당하게 축소한다는 이유에서다. 이에 따라 통상임금의 정의는 `소정근로의 대가로서 정기적, 일률적으로 지급하기로 정한 임금`으로 바뀐다. 소정근로란 노사합의로 정해진 근로시간 내에서 근로자가 하기로 `미리` 정한 근로를 말한다. 특정 임금이 단체협약, 취업규칙 등으로 사전에 정해졌다면 재직이나 근무일수 조건 등의 충족 여부와 무관하게 통상임금에 해당한다. 이번 고용부 지침은 대법원 판결에 따른 현장의 혼란과 갈등을 줄이기 위한 조치다. 지침에 따르면 통상임금이 확대되는 새로운 법리는 지난해 12월 19일 이후 통상임금 산정부터 적용된다. 임금유형별로 살펴보면 명절귀향비, 휴가비 등 특정시점에 재직 중인 근로자만 지급받는 금품은 통상임금에 해당한다. 기존에는 고정성 요건을 갖추지 않았다는 이유로 통상임금이 아니었으나, 개정에 따라 정기성(일정한 간격을 두고 계속 지급), 일률성(일정한 조건 또는 기준에 달한 모든 근로자에 지급) 요건을 충족하면 통상임금에 포함된다. 정기적인 지급이 확정돼 있는 정기상여금은 여전히 통상임금에 해당한다. 반면 근무실적을 평가해 지급여부나 지급액이 결정되는 성과급은 통상임금으로 인정되지 않는다. `소정근로 대가성`을 갖추지 않았기 때문이다. 경영성과분배금, 격려금, 인센티브 등 기업실적에 따라 일시적으로 지급되는 상여금도 같은 이유로 통상임금에 포함되지 않는다. 다만 최소한도가 보장되는 성과급은 통상임금으로 인정된다. 근무실적과 무관하게 일정액을 지급하기로 정했다면 그 금액은 소정근로의 대가에 해당한다. 고용부는 해당 지침을 통해 노사협의를 적극 지원하겠다는 목표를 세웠다. 사업장에서 단체협약, 취업규칙, 근로계약 등으로 조건을 부가해 통상임금에서 제외하고 있는 경우 고용부는 노사 협의를 통해 대법원 판결 취지에 맞게 변경할 수 있도록 지도할 예정이다. 또 사용자가 통상임금을 줄이기 위해 일방적으로 지급조건만을 바꾸는 행위를 하지 않도록 엄정 지도할 방침이다. 근로기준법에 따르면 통상임금 지급조건을 근로자에게 불리하게 변경하는 경우 과반수로 조직된 노조 또는 근로자 과반수의 동의가 필요하다. 아울러 고용부는 이번 판결을 계기로 그간 복잡하다는 지적이 끊이질 않던 임금체계 및 임금구조를 단순화할 수 있게 지원한다. 노사 간 통상임금 관련 문제로 지원이 필요한 사업장은 `일터혁신 상생컨설팅`으로 연계된다. 전문 컨설턴트가 기업을 방문해 개선방안을 도출하는 식이다. 다만 통상임금 범위가 확대되며 사측에 혼란과 부담이 가중될 수 있다는 우려도 나온다. 이에 박종환 고용부 근로기준정책과장은 ""올해 상반기 임단협 시기가 도래하는만큼 컨설팅 등 지원을 집중할 것""이라며 ""원만하게 타결 및 협의될 수 있게 지원하겠다""고 밝혔다. 김문수 고용부 장관은 ""노사가 협력해 복잡한 임금구조나 연공급 중심의 임금체계를 변화하는 노동시장 환경에 맞게 개선해 나가는 계기로 삼아야 한다""고 강조했다.",https://n.news.naver.com/mnews/article/003/0013050911,https://imgnews.pstatic.net/image/003/2025/02/06/NISI20250206_0020684283_web_20250206111235_20250206140055206.jpg?type=w800
20250401,뉴스1,"고용부 ""10월부터 월급 3개월 밀리면 `상습 체불 사업주` 된다""","근로기준법 시행령 개정안 국무회의 의결…임금 체불 규정 구체화 (세종=뉴스1) 나혜윤 기자 = 오는 10월부터 근로자에게 3개월간 임금을 지급하지 않은 사업주는 `상습 체불 사업주`로 분류된다. 고용노동부는 1일 국무회의에서 이같은 내용이 담긴 근로기준법 시행령 개정안을 심의·의결했다고 밝혔다. 이번 시행령 개정안은 상승 체불 사업주의 기준을 구체화했다. 기존 상습 체불 사업주는 1년간 3개월분 이상 임금을 체불하거나, 5회 이상 임금을 체불하고 체불 총액이 3000만 원 이상인 경우다. 개정안에서는 3개월분 임금을 월평균 보수의 3개월분으로 하는 내용이 담겼다. 직전 연도에 근로자가 사업주로부터 받은 연간 임금 총액에서 월평균 금액을 산정해 이를 3개월 치로 하겠다는 내용이다. 또 사업주의 임금 체불 횟수는 임금 등을 지급받지 못한 근로자 수에 따라 산정하기로 했다. 다만 상습 체불 사업주가 임금 등의 체불 자료 제공일 전까지 체불 임금 등을 전액 지급한 경우나, 체불 임금 등의 일부를 지급했더라도 남은 체불 임금 등의 구체적인 청산 계획을 소명해 청산에 성실히 노력하는 경우는 체불자료 제공에서 제외할 수 있도록 했다. 체불자료 제공 기간은 체불자료의 제공일부터 1년으로 정했다. 근로자의 근로조건을 보호하기 위해 중앙행정기관의 장 등에게 사업·근로소득 지급명세서, 건강보험료 체납 사업장 정보 등 필요한 정보를 요청할 수 있도록 요청 대상 정보 및 자료의 범위도 구체화했다. 이날 국무회의에서는 근로복지기본법 시행령 개정안도 의결됐다. 개정안에는 우리사주조합의 대표자 부재 등으로 총회를 개최할 수 없는 경우, 조합의 규약이 정하는 임원이 총회를 개최하도록 하는 내용이 담겼다. 해당 임원이 총회를 개최하지 않으면 전체 조합원 과반수의 동의를 받은 조합원이 총회를 개최하는 근거도 마련됐다. 우리사주제도는 근로자가 우리사주조합을 통해 자신이 근무하는 회사의 주식을 보유할 수 있도록 해 근로자의 재산형성 및 장기근속, 노사협력 증진을 도모하는 제도다. 우리사주조합에서 조합원 자격에 관한 지배관계회사의 지분 요건의 `소유` 개념을 `직접 소유`로 구체화해 조합원의 자격인정에 대한 현장 혼선을 방지하는 규정도 마련했다. 이 개정안은 오는 8일부터 시행된다.",https://n.news.naver.com/mnews/article/421/0008165491,https://imgnews.pstatic.net/image/421/2025/04/01/0008165491_001_20250401110411245.jpg?type=w800
20250422,강원도민일보,"내년 최저임금 심의 시작…""생계비 보장""vs""영세업체 힘들어""","최저임금위 1차 전원회의  최저임금 업종별 차등 적용 입장차 ""구분 적용돼야"" vs ""업종별 차별 반대"" 내년도 최저임금 결정을 위한 위한 최저임금위원회의 심의가 22일 본격적으로 시작됐다. 국내외 경제난으로 기업과 근로자의 어려움이 가중되는 가운데 최저임금 수준과 업종별 구분을 둘러싸고 노사가 첫날부터 치열한 공방을 이어갔다.  근로자·사용자·공익위원 9명씩 총 27명으로 이뤄진 최저임금위원회는 이날 오후 정부세종청사에서 제1차 전원회의를 열고 내년도 최저임금 심의를 시작했다.  이인재 최저임금위원회 위원장은 모두발언에서 ""경제 성장률 둔화에 관세 갈등까지 겹치며 저임금 근로자, 소상공인, 영세 기업의 어려움이 함께 커지고 있다""며 ""이런 여건에서 모두가 만족할 최저임금 결정은 쉽지 않을 것으로 예상한다. 어려울 때일수록 역지사지의 자세가 필요하다고 생각한다""며 타협을 요구했다.  내년도 최저임금과 관련해 노동계는 최근의 높은 물가 상승률을 고려한 큰 폭의 인상을, 경영계는 소규모 사업자의 부담을 줄이기 위해 동결을 최초로 요구할 것으로 예상된다. 노사는 아직 최저임금 최초 요구안을 결정하지 않았다.  양대 노총인 한국노동조합총연맹(한국노총)과 전국민주노동조합총연맹(민주노총)의 근로자위원들은 이날 심의 개시 전 세종시 최저임금위원회 앞에서 기자회견을 열고 ""생계비를 보장하는 수준으로 최저임금을 현실화하고, 적용 대상을 최저임금 사각지대에 있는 특수고용·플랫폼 노동자로 확대해야 한다""고 했다.  회의에서 근로자위원인 류기섭 한국노총 사무총장은 모두발언에서 ""윤석열 정부 출범 후 지난 2년간 최저임금 인상률은 각각 2.5%, 1.7%로 결정됐으며 저율 인상에 따른 피해는 현재도 고스란히 저임금 취약계층 노동자에게 전가되고 누적됐다""며 실질 인상을 주장했다.  반면 사용자위원인 류기정 한국경영자총협회 전무는 ""최근 몇 년간 내수 부진이 계속되면서 최저임금을 지불해야 하는 중소기업이나 영세 소상공인의 어려움이 매우 극심하다""며 ""올해 최저임금은 이러한 경제 상황이나 여건을 잘 고려해서 합리적인 체질 개선이 이뤄졌으면 하는 마음""이라고 밝혔다.  최저임금위원회가 지난해 12월 정리한 `최저임금 적용 효과에 관한 실태조사 분석 보고서`에 따르면 상시근로자 300인 미만 사업주 60.4%는 2026년에 적용될 최저임금 인상액의 적절한 수준으로 `동결`을 꼽았다.  근로자의 경우 2026년 적용될 최저임금 인상액의 적절한 수준으로 가장 많은 26.2%가 3∼6% 미만, 25.9%는 3% 미만을 선택했다.  또 올해 심의에서도 법에는 규정돼 있지만 1988년 이후 적용한 사례가 없는 `업종별 구분 적용` 여부도 논란이 됐다. 류기정 위원은 ""업종별 구분 적용도 보다 진전한 결과를 반드시 도출할 때라고 생각한다""고 언급했다.  경영계는 최근 매년 일부 업종에 최저임금을 낮추는 방안을 제시해 왔다. 이에 류기섭 위원은 ""업종별 차별 적용, 수습 노동자 감액 적용, 장애인 노동자 적용 제외 등 차별 조항에 대해 올해 최저임금위원회는 결단을 내려야 할 때""라고 반대했다.  앞서 김문수 전 고용노동부 장관은 지난달 31일 최저임금위에 내년도 최저임금 심의를 요청했다.  최저임금위는 노동부 장관의 심의 요청을 받은 날로부터 90일 이내인 6월 말까지 최저임금 수준을 의결해 노동부 장관에게 제출해야 한다.  하지만 법정 심의 시한이 지켜진 것은 9차례에 불과하며 대체로 시한을 넘겨 7월까지 심의가 이어지는 경우가 많았다. 지난해에는 7월 12일에 결정됐다.  이번 심의에서는 내년 최저임금의 인상률이 얼마로 결정될지가 주목된다. 올해 최저임금은 시간급 기준으로 사상 처음 1만원을 넘었으나 인상률은 1.7%(170원)로 2021년(1.5%)을 제외하면 역대 두 번째로 낮았다.  최근 5년간 최저임금(시급 기준)과 전년 대비 인상률을 살펴보면 2021년 8720원(1.5%), 2022년 9160원(5.05%), 2023년 9620원(5.0%), 2024년 9860원(2.5%), 2025년 1만30원(1.7%)이다.  제2차 전원회의는 내달 27일 정부세종청사에서 열릴 예정이다.",https://n.news.naver.com/mnews/article/654/0000117482,https://imgnews.pstatic.net/image/654/2025/04/22/0000117482_001_20250422165811859.jpg?type=w800
20250206,뉴스1,"[Q&A] ""근무일수 못채워도 정기성 갖췄다면 통상임금 해당""","정기적으로 지급되는 명절떡값·휴가비도 통상임금 인정 (세종=뉴스1) 나혜윤 기자 = 대법원이 통상임금 요건에서 `고정성`을 삭제해 범위를 확대함에 따라 앞으로 정기적으로 지급되는 명절 상여금, 휴가비 등도 통상임금에 포함된다. 통상임금은 각종 수당과 퇴직금의 산정 기준이 되기 때문에 통상임금 범위가 늘어나면 근로자에게 유리해진다. 대법원은 지난해 12월 통상임금을 구분짓는 3가지(정기성, 일률성, 고정성) 요건 중 `고정성`을 폐기하는 판결을 했다. `고정성`은 특정 시점에 근무한 근로자에게 대가를 지급한다는 조건이 담겨있다보니, 그동안 근무일수 조건이 있는 정기상여금이나 명절 상여금, 휴가비 등을 통상임금에 포함하는 것에 대한 논란이 있었다. 그러나 대법원 판결로 통상임금에서 고정성 개념이 제외되면서, 특정 시점 근무 여부와 상관 없이 정기상여금 등이 통상임금으로 인정받게 됐다. 고용노동부는 대법원 판결로 바뀌는 `통상임금 노사지도 지침`을 6일 내놨다. 이에 따라 달라지는 통상임금 범위를 정리했다. 재직자에게만 지급하는 임금이 통상임금에 해당하는가? 특정 시점에 재직 중인지 여부는 통상임금 산정에 영향을 미치지 못하기 때문에 통상임금에 해당한다. 회사가 매분기마다 임금지급일에 재직 중인 근로자에게만 정기상여금을 지급해 왔다면 이를 통상임금에 포함하고 연 4회의 정기상여금을 합산해 시간급으로 환산해야 한다. 일정한 근무일수를 충족한 경우에만 지급하는 임금(정기상여금 등)도 통상임금에 해당하는가? 통상임금은 정해진 소정근로를 모두 근무한다는 전제하에 사전에 임금이 얼마로 정해졌는지를 판단한다. 지급조건 충족에 따른 사후적인 임금 지급 여부는 통상임금 판단의 고려사항이 아니므로 통상임금에 포함된다. 예를 들어 매월 만근할 경우 30만 원을 지급하는 회사에서 일하는 근로자가 결근으로 인해 만근을 채우지 못할 때는 만근수당을 받을 수 없다. 하지만 만근수당이 정기성과 일률성을 갖추고 있으므로 만근수당을 받지 못하더라도 통상임금 산정 시에는 30만 원을 포함해야 한다. 명절 상여나 하계휴가비도 통상임금에 포함되는가? 모두 통상임금에 해당된다. 명칭이나 형식과 관계없이 소정근로의 대가, 정기성, 일률성을 갖춘 경우에는 통상임금에 해당된다. 소정근로의 대가와 정기성, 일률성을 갖추고 있으므로 통상임금에 포함된다. 회사에서 매년 8월 하계휴가비와 매년 1월 체력단련비를 지급해 왔다면 이는 통상임금이다. 새로 입사해 정기상여금을 아직 한 번도 지급받지 못했다. 이 경우 정기상여금이 통상임금에 포함되는가 대법원 판결에 따르면 어떤 임금이 지급 시점에 근무하지 않아 해당 임금이 지급되지 않은 경우에도, 소정근로의 대가, 정기성, 일률성을 갖춘 경우라면 통상임금에 해당한다. 따라서 정기상여금이 통상임금에 해당할 경우, 실제 지급 시기에 따라 정기상여금을 받지 못한 경우에도 이를 포함해 통상임금을 산정해야 한다. 예를 들어 정기상여금 지급일이 12월 5일이고 A근로자가 그 이후인 12월 10일에 입사해 그달 20일부터 30일까지 연장근로를 했다면 정기상여금을 받지 못했다 하더라도 이를 통상시급으로 환산해 연장근로 기간에 대한 수당을 지급해야 한다. 정기상여금의 통상임금 산정 방법은? 근로기준법 시행령 제6조제2항제5호에는 일·주·월 외의 일정한 기간으로 정한 임금은 제2호부터 제4호까지의 규정에 준해 산정된 금액으로 산정하도록 하고 있다. 따라서 정기상여금도 이에 따라 산정한 후 같은 항 제7호에서 정한 방식으로 시간급 금액을 산정하면 된다. 예를 들어 A회사가 기본급 200만원, 주 5일 근무한다면, 월 소정근로 환산 시간은 (유급으로 처리되는 시간 40＋8)×약 52.14주÷12월로 208.56시간이다. 여기에 정기상여금의 지급액이 기본급의 50%, 지급률은 기본급의 600%라고 가정할 경우 연간 지급액은 600만 원이다. 따라서 월 환산 시급은 600만원÷12월÷208.56시간으로, 시급은 2397원 39전이 된다. 재직 또는 근무일수 조건이 있는 임금에 대해 앞으로 근무한 기간에 비례해 지급해야 하는가. ""A회사는 정기상여금을 홀수달 5일에 격월로 지급 중이다. 지급일 이전에 퇴직하는 경우에는 미지급해왔다. 근로자 B는 11월 2일에 퇴사해 상여금을 받지는 못했으나 9~10월에 근로했다."" 이 경우에는 A회사가 지급할 의무가 없다. 재직 또는 근무일수 등 조건부 정기상여금 등이 통상임금의 범위에 포함되는 것과는 별개로 정기상여금 등에 부가된 `지급` 조건은 특별한 사정이 없으면 유효하다고 봤다. 이에 따라 퇴직 등으로 `지급조건`을 성취하지 못한 경우, 해당 정기상여금 등에 대한 사용자의 임금 지급 의무는 발생하지 않는다.",https://n.news.naver.com/mnews/article/421/0008059679,https://imgnews.pstatic.net/image/421/2025/02/06/0008059679_001_20250206151723864.jpg?type=w800
20250306,동아일보,‘통상임금 후폭풍’ 충당금 수백억씩 쌓는 기업들,"[통상임금 변화 후폭풍] “대법, 통상임금 범위확대 판결로 수당 지급액 급증… 임단협 비상” 대법원이 지난해 12월 통상임금 기준을 바꾼 뒤 주요 기업들이 각각 수백억 원 규모의 충당금을 쌓는 것으로 나타났다. 추가 인건비가 총 7조 원에 이를 것으로 추산되기 때문이다. 5일 산업계에 따르면 전자 기업 A사는 최근 장부상 충당부채(충당금)를 1년 만에 수백억 원 늘려 잡았다. 대법원에서 명절 상여금 등 ‘조건부로 지급하는 정기 상여’를 통상임금 계산에 포함하면서 통상임금의 150%를 지급해야 하는 시간 외 수당 지급액이 급증하기 때문이다. 에너지 기업 B사는 올해 임금 및 단체협상을 미리 준비하고 있다. 개인 성과급의 통상임금 포함 여부를 따져야 하기 때문이다. 에너지 기업 C사 관계자는 “명절 상여가 임직원 연봉의 10% 정도인데 통상임금에 포함돼 부담이 커졌다”고 전했다. 김동욱 법무법인 세종 변호사는 “최근 대기업 30여 곳이 통상임금 관련 자문을 요청하는 등 문의가 급증했다”고 전했다. 한국경영자총협회에 따르면 통상임금 조정으로 300인 이상 사업장의 1인당 연평균 임금은 361만6000원 오른다. 반면 전체 근로자의 인상액은 20만8000원에 그친다. 경총 관계자는 “통상임금 기준 변화로 대-중소기업 임금 격차가 더 벌어지게 될 것”이라고 했다. 통상임금 : 근로의 대가로 정기적, 일률적으로 지급하는 시간급·일급·주급·월급 등. 기본급, 기술수당, 근속수당, 조건부 정기상여금 등이 통상임금에 포함된다. 통상임금은 시간외근무수당, 연차휴가수당 등 수당 산정에 사용된다. 평균임금 : 3개월 동안 근로자에게 지급된 임금 총액을 해당 기간의 총일수로 나눈 금액. 퇴직금, 실업급여 등을 계산할 때 사용된다. 통상임금 확대에… 기업들 “인건비 줄이려 야근 대신 외주 줘” [통상임금 변화 후폭풍] 시간외근무 등 각종 수당 함께 올라… 이마트 1529억-롯데쇼핑 532억 ↑ 채용 축소-상여 폐지 검토 기업도… 임단협 시작되면 갈등 커질 듯 “연차보상비가 한 번 더 들어왔더라고요.” 유통 대기업에 근무하는 A 씨는 지난달 생각지도 않았던 추가 연차보상비 10만 원가량이 월급통장에 찍혔다. 1월에 이미 지난해 연차 미사용 보상비 약 150만 원을 받았는데 10% 정도가 추가 지급된 것이다. A 씨는 “통상임금이 올라 수당이 함께 오를 것이라 듣긴 했는데 이렇게 빨리 지급될 줄 몰랐다”고 말했다. 의류 분야 중소기업 B사는 통상임금 인상 충격을 줄이기 위해 고심 중이다. 영세기업이라 통상임금 인상으로 인한 야근비 증가가 부담이 됐기 때문이다. 유창우 현대회계법인 회계사는 “B사는 지금 옷 제작 일부를 외부에 맡기는 방안을 검토하는 중”이라며 “직원에게 야근을 시켜서 시간 외 근무수당 ‘폭탄’을 맞느니 외주 업체를 쓰겠다는 것”이라고 말했다. ● 통상임금 확대에 대응 나선 기업들 지난해 12월 대법원 전원합의체가 통상임금의 기준을 11년 만에 바꾸는 판결을 하면서 기업들은 비상이 걸렸다. 기존에는 ‘기준기간 중 15일 이상 근무’, ‘지급 시점에 재직 중인 자’ 등 ‘조건’이 붙어 있는 정기상여금은 통상임금으로 인정하지 않았는데 그 판례가 뒤집힌 것이다. 이와 관련해 한국경영자총협회(경총)는 이런 재직자 조건부 정기상여금이 통상임금에 산입되면 추가 인건비 6조7889억 원이 발생할 것으로 추산하기도 했다. 대법원 판결로 통상임금의 인정 범위가 넓어지면서 여러 수당들이 함께 올랐다. 시간 외 근무수당, 연차휴가수당, 휴일근로수당 등 각종 법정 수당은 통상임금에 비례해 산정되기 때문이다. 기업들은 연말 판결 후 부랴부랴 후속 조치에 나섰다. 현대자동차는 그동안 통상임금으로 인정받지 못했던 상여금(기본급의 150%)을 대법원 판결에 맞춰 통상임금에 추가했다. 실제 현대차는 지난해 12월 판결 이후 직원들에게 오른 수당을 지급하고 있다. 세아베스틸은 통상임금 판결에 대비해 지난해 3분기(7∼9월)까지 약 900억 원의 충당금을 적립해 뒀다. 배현태 김앤장 법률사무소 변호사는 “충당금이 늘어나면 회사 입장에선 영업이익이 줄어들게 된다”며 “이에 따라 미래 투자를 위한 대출 이자나 증자 등 자금 조달에도 악영향이 발생할 수 있다”고 말했다. 유통 기업인 롯데쇼핑은 이번 판결로 인건비가 532억 원 늘었다고 밝혔다. 이마트가 1529억 원, 신세계가 353억 원, 한화갤러리아가 68억 원 증가했다. 유통업계 관계자는 “백화점이나 마트는 직원 숫자가 적지 않은데 주말이나 휴일 근무 등이 많다”며 “그렇다 보니 각종 근무 수당이 함께 늘어나면서 타격이 컸다”고 전했다. 특히 이번 통상임금 기준 변화로 인해 대기업과 중소·중견 기업의 임금 격차가 더욱 벌어질 것이란 우려가 크다. 대기업들의 정기상여금 규모가 크고 수당 종류가 많기 때문이다. 통상임금 확대가 노동시장의 이중 구조를 심화할 것이라는 우려가 나오는 이유다. 경제단체 관계자는 “인건비가 증가하면서 올해 신입사원 채용을 당초 계획보다 줄여야겠다는 기업도 나온다”며 “일부 중견기업 중에서는 기존 정기상여금을 없애고 이를 성과급으로 돌려 통상임금 인상을 회피하는 방안을 검토하기도 하는 중”이라고 말했다. ● 올해 임단협 핵심 쟁점도 통상임금 산업계에서는 각 기업이 본격 노사 협의에 들어가는 봄부터 통상임금 문제가 불거질 것으로 보고 있다. 여러 곳에서 통상임금 산정이 임금 및 단체협약의 핵심 쟁점이 될 것이란 관측이 나온다. LG전자의 사무직 노조는 올 1월 대법원 판결 취지에 맞춰 수당을 올려 달라고 회사 측에 공문을 보냈다. 기아 노조도 누락된 통상임금 반환이 필요하다며 지난달 28일 소송을 제기했다. 전국민주노동조합총연맹 산하 전국금속노동조합은 지난해 12월 각 지부에 통상임금 재산정과 관련해 행동 지침을 보냈고, 지난달 13일에는 이에 대한 해설서를 배포했다. 해설서에 따르면 “자본(사측)은 특히 임금에 성과를 연계하려 할 것”이라며 “임금의 변동성이 확대돼 생활이 불안정해지기에 성과급 요소를 도입하는 모든 요구에 불응해야 한다”고 적혀 있다. 김동희 경총 근로기준정책팀장은 “연구개발에 쓸 돈까지 끌어다 임금을 인상하는 상황이 오게 될까 우려된다”고 지적했다.",https://n.news.naver.com/mnews/article/020/0003619260,https://imgnews.pstatic.net/image/020/2025/03/06/0003619260_001_20250306034815771.jpg?type=w800
20250211,이데일리,"""산재환자 장기요양 추세 갈수록 심각…제도개선 시급""","경총, 산재보험 장기요양 실태와 시사점 보고서 발표 조선업 재해자 평균요양일 1년 넘어 자동차 제조업 10명 중 8명은 6개월 이상 장기요양 고용부 `산재 카르텔` 조사 후에도 계속 늘어나 [이데일리 정병묵 기자] 산업재해 보험 장기요양 추세가 갈수록 심각해져 제도개선이 시급하다는 분석이 나왔다. 한국경영자총협회(경총)는 12일 산재보험 장기요양 실태와 주요 시사점을 정리한 보고서를 발표했다. 보고서에 따르면, 고용노동부가 2024년 2월 산재보험 제도 특정감사 결과 발표를 통해 산재요양 장기화 문제 등의 개선을 추진하였으나, 산재근로자장기요양 경향은 더욱 심화된 것으로 나타났다. 경영계 자체 산재요양 실태조사 결과에 따르면, 평균 요양기간이 1년을 넘어가거나(조선업 385.4일), 10명 중 8명이 6개월 이상 장기요양자(자동차 81.4%)인 업종이 확인되는 등 요양장기화 문제가 더 악화된 것으로 드러났다. 경총은 보고서에서 산재근로자의 장기요양을 초래하는 6가지 문제점과 사례를 소개하고, 이를 해결하기 위한 개선방안도 제시했다. 우선 의료계 가이드라인을 준용하지 않고 산재보험 표준요양기간도 부재하여 불합리한 요양기간 승인이 반복되고 있어, 주요 상병별 표준(적정)요양기간 마련 및 적용 강화가 필요하다. 산재근로자가 장기간 치료하면서 보험급여를 받고자 요양 연장 또는 의료기관 변경(전원) 신청이 용이한 점을 악용하고, 병원도 수익성 차원에서 적극 협조하고 있어, 요양 연장 및 전원 신청 건의 심사를 강화하고 신청 횟수 제한 등의 개선이 시급하다. 산재요양 중 추가로 신청한 상병(추가상병)은 사업주 의견 확인 및 재해조사 없이 쉽게 산재로 승인되는 점을 이용해 요양 종결 시점에 추가상병 신청으로 치료기간을 연장하는 경우가 빈번하므로, 추가상병 신청 범위 및 요양기간 연장 제한, 추가상병 신청 시 사업주 안내 신설 및 재해조사 강화 조치가 요구된다. 가정에서 요양 중인 재해자는 관리가 되지 않아 근골격계질병자가 행하여서는 안 될 이종격투기 운동, 과격한 스포츠 응원, 불법 근로활동(아르바이트) 등이 자행되고 치료기간만 길어지고 있어, 1년 이상 장기요양자 등에 대한 요양실태 관리 강화가 필요할 것으로 판단된다. 경총 임우택 안전보건본부장은 “최근 산재보험 행정이 ‘산재 신속처리’에 집중되면서 산재요양 관리 문제가 더욱 심각해졌다”고 평가하며, “도덕적 해이 방지와 산재보험 제도의 지속가능성 제고 측면에서 요양 장기화 문제가 조속히 개선되어야 한다”고 강조했다.",https://n.news.naver.com/mnews/article/018/0005940957,https://imgnews.pstatic.net/image/018/2025/02/11/0005940957_001_20250211120124072.jpg?type=w800
20250211,연합뉴스,"""산재로 반년 이상 장기요양, 8년새 57%→76%…제도 개선 시급""","""경총, `산재보험 장기요양 실태` 보고서…6대 개선방안 제시 (서울=연합뉴스) 임성호 기자 = `적기 치료 후 직장 복귀`라는 산업재해 보험의 목적과 달리 산재로 인한 장기요양 환자 비중이 지난 8년 새 크게 증가한 것으로 나타났다. 이에 따라 산재보험 제도의 지속가능성을 높이고, 일명 `산재 나이롱 환자`를 방지하기 위한 대책을 주문하는 목소리가 경영계에서 나왔다. 한국경영자총협회(경총)는 12일 발표한 `산재보험 장기요양 실태와 주요 시사점` 보고서에서 최근 수년 새 산재 근로자 장기요양 경향이 심화한 것으로 나타났다고 밝혔다. 경영계가 조선업계와 자동차 업계를 대상으로 실시한 자체 산재요양 실태조사 결과에 따르면 근골격계 질병 산재근로자의 평균 요양일은 2016년 212.8일에서 2021년 286일, 지난해 9월 말 기준 325.9일 등으로 대체로 꾸준히 증가했다. 요양 기간이 6개월을 넘는 장기 요양 환자 비중도 2016년 57.4%에서 2021년 64.1%, 작년 9월 말 75.8% 등으로 높아졌다. 경총은 구체적 산재 요양 통계는 공개돼 있지 않아 가장 대표적인 산재 질병인 근골격계 질병과 산재신청 다발 업종인 조선 및 자동차 사업장을 대상으로 실태조사를 했다고 설명했다. 앞서 고용노동부는 지난해 2월 산재보험 제도 특정감사 결과 발표를 통해 산재요양 장기화 문제 등의 개선에 나서겠다고 밝혔으나 산재근로자 장기 요양 경향은 더 심해졌다고 경총은 밝혔다. 경총은 보고서에서 산재근로자의 장기 요양으로 이어지는 6가지 문제점을 지적하고 개선 방안을 제시했다. 우선 요양 기간과 관련, 산재보험 표준(적정) 요양 기간이 없고 의료계의 가이드라인이 준용되지 않는 등 불합리한 요양 기간 승인이 반복되고 있어 주요 상병별 표준 요양 기간 마련 및 적용 강화가 필요하다는 것이다. 또 병원의 요양 연장 및 의료기관 변경(전원) 신청 건의 심사를 강화하고 신청 횟수도 제한해야 한다고 경총은 주장했다. 추가상병 신청 범위 및 요양 기간 연장 제한, 추가상병 신청 시 사업주 안내 신설 및 재해조사 강화 조치도 필요하다고 밝혔다. 아울러 경총은 1년 이상 가정 장기요양자 등에 대한 요양 실태 관리 강화, 집중 재활치료 후 요양 종결 및 전원 신청 불가 원칙 기준 적용, 직업병 환자 특례 적용대상 및 범위 한정 등의 조치를 촉구했다. 경총 임우택 안전보건본부장은 ""최근 산재보험 행정이 `산재 신속처리`에 집중되면서 산재요양 관리 문제가 더욱 심각해졌다""며 ""도덕적 해이 방지와 산재보험 제도의 지속가능성 제고 측면에서 요양 장기화 문제가 조속히 개선되어야 한다""고 강조했다. sh@yna.co.kr",https://n.news.naver.com/mnews/article/001/0015204929,https://imgnews.pstatic.net/image/001/2025/02/11/PYH2024062516290001300_P4_20250211120121788.jpg?type=w800
20250425,국민일보,시장 논리와 인간 존엄사이 일자리 해법은?,"[And 책과 길]  왜 좋은 일자리는 늘 부족한가 이상헌 지음 생각의힘, 320쪽, 1만9800원  일과 일자리, 일하는 삶의 본질을 새롭게 정의하는 책에는 흥미로운 연구 결과들이 많이 나온다. 그중 하나다. 2017년 대규모 학살에서 살아남은 로힝야족 난민을 대상으로 미국 대학 연구진과 세계은행(WB)이 실험을 진행했다. 참여자 전원에게 동일 금액의 현금을 지원했지만 한 그룹에게는 별다른 조건을 걸지 않고, 다른 그룹에게는 일을 하도록 요구했다. 일은 특별한 숙련이나 경험이 필요하지 않은 단순한 것들이었다. 경제학 교과서에서는 노동은 고통과 노력이 따르는 ‘비효용’을 수반하기 때문에 똑같은 현금을 받으면서 일하는 것은 상대적으로 손해일 뿐이라고 말한다. 놀고먹을 수 있으면 굳이 힘들여서 일할 필요가 없다는 것이다. 하지만 실험 결과는 예상과는 정반대였다. 일과 현금 지원을 병행한 그룹은 현금만 받은 그룹에 비해 정신건강, 인지 능력, 위험 대응 능력 등에서 압도적으로 나은 결과를 보였다. 연구진은 그 차이가 4배에 이르는 것으로 추정했다. 현금 지원이 줄거나 없어진다고 해도 계속 일하겠다는 난민도 70%에 달했다. 일과 일자리의 가치에 대해 다시 한번 생각하게 되는 연구 결과다.    국제노동기구(ILO) 고용정책국장으로 2018년부터 일하고 있는 저자는 ‘왜 좋은 일자리는 늘 부족한가’라는 질문을 던지고 차근차근 해답을 찾아간다. 가장 먼저 일자리의 가치에 대한 재인식을 강조한다. 일자리는 시장에서 지급되는 임금 이상의 사회적 가치를 갖고 있다는 것이다. 저자는 “일자리는 일하는 사람뿐만 아니라 가족, 이웃, 공동체 나아가 사회에 다층적 영향을 미친다”면서 “얼마나 많은 일자리가 필요한지를 따질 때 이런 사회적 영향도 충분히 고려해야 하는데, 그러지 못하기에 좋은 일자리는 늘 부족하다”고 말한다.  일자리의 진정한 가치는 잃고 나서야 알게 된다. 실업 얘기다. 실업이 일자리를 잃은 자신의 건강은 물론 가정과 공동체를 파괴할 수 있다는 다양한 연구 결과들을 인용한다. 실업자의 사망확률은 일자리를 잃자마자 다른 노동자들에 비해 50~100% 수직상승하고, 부부 중 한쪽이 일자리를 잃으면 이혼 확률이 두 배 이상 증가한다. 부모 중 한 명이 일자리를 잃으면 자녀의 삶의 만족도도 급격히 떨어진다. 브라질을 대상으로 한 연구에서는 부모가 실업자가 됐을 때 자녀의 퇴학률이 1.5% 포인트 증가했다. 대규모 해고가 진행되면 범죄의 빈도가 23% 증가한다는 연구도 있다. 일의 사회적 가치가 제대로 반영되지 않은 상황에서 시장의 논리만 들이댔을 때, 노동시장은 늘 ‘좋은’ 일자리를 과소공급하게 된다. “일자리를 만드는 데는 노력이 부족하고 느리지만, 일자리를 파괴하는 데는 지나치게 신속한 상황”이 발생하게 된다.  좋은 일자리는 늘 부족하지만 최저임금 정도만 받으면서 각종 위험이 도사리고 있는 ‘나쁜’ 일자리는 넘쳐나는 게 현실이다. 저자의 설명에 따르면 “좋은 일자리의 사회적 가치를 과소평가하는 반면, 나쁜 일자리의 사회적 비용을 고려하지 않아 일자리의 순가치가 과대평가되기 때문”이다. 예를 들어 산업재해 위험이 큰 일자리의 경우 재해를 당했을 때 본인은 물론 가족과 사회에 미치는 악영향은 임금에 반영되지 않는다.  저자는 좋은 일자리를 키우기 위한 시작은 무엇보다 일자리에 대한 철학이 바뀌어야 한다고 주장한다. “일자리는 곧 인간의 생존이고 자존감이며 사회의 구성원으로서 굳건하게 자리 잡게 하는 매개체”라는 점을 명심하면서 “일자리의 다층적이고 포괄적인 사회적 가치를 모든 사람이 인식하고, 사회가 가용한 자원을 최대한 활용해 일자리를 키워나가야 한다”는 것이다.  저자는 이런 철학을 바탕으로 다양한 제안을 내놓는다. 근본적이고 상징적인 의미에서 “모든 국민은 근로의 권리를 가진다”는 대한민국 헌법 제32조에 문제를 제기한다. ‘부지런히 일한다’는 의미의 ‘근로’의 시각에서는 노동은 애초에 투자와 존중의 대상이 아니다. 저자는 “능동적인 주체로서 ‘노동’을 인정할 뿐만 아니라 인간의 생산적 활동의 포괄성도 명시돼야 한다”면서 “‘근로의 권리’가 아니라 ‘일할 권리’로 바꿔야 한다”고 주장한다. 경제정책의 대전환도 강조한다. 한국은행은 물가 안정과 금융 안정을 양대 책무로 삼고 있지만 저자는 일자리를 통화정책의 주요 목표로 격상시킬 필요가 있고, 실업과 고용의 경계에 있거나 활동과 비활동까지 고려한 통계 지표를 개발해야 한다고 목소리를 높인다  저자 스스로 ‘급진적’이라고 말하는 제안도 등장한다. “국가나 사회는 원하는 모든 사람에게 일자리를 제공할 의무가 있으며, 이를 위해 정부는 필요하면 일자리를 창출해 시민들에게 제공해야 한다”는 ‘보편적 일자리 보장’이라는 원칙이다. 정부가 최종 고용주(Employer of Last Resort)의 기능을 맡기자는 것이다. 민간 부문에서 적합한 일자리를 구하지 못한 사람들에게 공공부문 또는 사회적 가치가 있는 일자리를 찾아내 최저임금 수준에서 정부가 지급하는 정책이다. 저자는 공공일자리가 민간일자리를 대체할 위험성과 지나치게 많은 사람들이 최저임금을 받고 일하는 ‘최저임금 경제’를 만들어 낼 수 있다는 한계도 지적하지만 사회적 논의의 필요성을 강조한다.  일자리는 시장에서 조직되지만, 시장은 때로는 실패하기 때문에 그 해법을 시장 바깥에서 찾아야 하는 경우도 많다. 저자는 시장의 논리와 인간의 존엄 사이에서 그 길을 찾기를 원한다.   ⊙ 세·줄·평★ ★ ★  ·일자리에는 임금에 포함되지 않은 더 큰 가치가 있다 ·냉랭한 경제학에 `따뜻함`이 배어있다 ·쉬운 듯하지만 쉽지 않다",https://n.news.naver.com/mnews/article/005/0001772305,https://imgnews.pstatic.net/image/005/2025/04/25/2025042420280430813_1745494084_1745405772_20250425021809804.jpg?type=w800
20250320,뉴스1,"""국내 요양보호 자격자 300만 중 현직자는 70만명뿐…처우개선 시급""","""일할 수 있는 사람 수가 아니라 일하고 싶은 사람 수가 부족한 것"" ""자식도 하지 못하는 돌봄노동인데…저임금 줘도 되는 일로 취급"" (서울=뉴스1) 권진영 기자 = 돌봄노동에 종사하는 요양보호사들이 ""정부는 해외인력 도입보다는 현직자 처우개선을 통해 요양보호사 부족 문제를 해결해야 한다""며 20일 증언대회를 열었다. 전국돌봄서비스노동조합 소속 요양보호사 등 6명은 이날 광화문 광장에서 기자회견을 열고 열악한 근무 환경에 자격 취득자들이 일터를 떠나고 있다고 지적했다. 전현욱 전국돌봄노조 사무처장은 ""현장 인력의 네 배나 되는 요양보호사 자격 취득자들이 낮은 처우와 열악한 근무 환경으로 일터를 떠나거나 현장으로 유입되지 않고 있다""며 ""일할 수 있는 사람 수가 부족한 것이 아니라 일하고 싶은 사람 수가 부족한 것""이라고 했다. 이어 ""부족한 수를 외국인 요양보호사 공급으로 채우려는 정부의 계획은 밑 빠진 독에 물 붓기식의 미봉책이며 잘못된 진단으로부터 나온 탁상행정이다""고 덧붙였다. 정부는 이달 5일 외국인정책위원회에서 `외국인 요양보호사 양성 전문연수 과정`을 신설하겠다고 밝힌 바 있다. 전 사무처장에 따르면 현재 한국에서 요양보호사 자격증을 취득한 이는 300만 명에 이른다. 하지만 현장에 남아 있는 이는 4분의 1 수준인 70만 명에 불과하다. 요양보호사의 평균 연령도 점점 높아지는 추세다. 서울시가 운영하던 사회서비스원(서사원)에서 일하던 노우정 요양보호사는 ""현장에서 요양보호사를 떠나게 만드는 것은 충격적이게도 정부와 보건복지부다""라고 주장했다. 그는 ""정부가 앞장서서 서사원 같은 공공기관을 없애거나 축소하고 보건복지부는 요양보호사 처우개선비와 인지수당비를 폐지했다. 반면 노동강도는 더 세지고 인력 충원 없이 일해야 하는 현실이 반복되고 있지만 처우개선은 나 몰라라 한다""고 꼬집었다. 치매가 있는 어르신을 돌보는 양복순 방문요양보호사는 ""치매 어르신을 돌보게 되면 준비하고 보고할 게 더 많은데 받는 돈은 같다면 누가 치매 어르신을 돌보고 싶겠냐""고 반문했다. 정부는 2022년부터 인지활동 방문요양 가산금을 폐지했다. 서울요양원에서 근무 중인 선미경 요양보호사는 ""제 소원은 목욕할 때는 어르신들 목욕에만 집중하는 것""이라고 호소했다. 7~8명의 어르신 목욕에 필요한 요양보호사는 4명이지만 막상 현장에서는 3명이 투입돼 이동과 면회 준비까지 도맡는 실정이다. 요양보호사 처우개선은 현직자들의 바람만이 아니다. 장기요양 4등급 서비스를 받는 아버지의 보호자 고은숙 씨는 ""요양보호사는 자식들도 하지 못할 돌봄 서비스를 하고 있다. 그런데 현실은 돌봄이 마치 기혼 여성이면 누구나 할 수 있는 일로, 저임금을 줘도 되는 일로 취급되는 것 같다""고 안타까움을 토로했다. 고 씨 자신도 2019년 직접 요양보호사 자격증을 땄다. 하지만 실습 후 마음이 바뀌었다. 일이 너무 고되고 급여도 적었기 때문이다. 고 씨는 결국 다른 일을 선택했다. 그는 ""힘든 돌봄노동에 맞는 적정한 임금을 제대로 주고, 필수 노동자로 대우한다면 다른 일을 찾고 있는 많은 요양보호사 자격증 소지자들이 돌봄 현장으로 돌아와 일할 것""이라고 덧붙였다.",https://n.news.naver.com/mnews/article/421/0008142568,https://imgnews.pstatic.net/image/421/2025/03/20/0008142568_001_20250320173418832.jpg?type=w800
20250401,아시아경제,상습 임금체불 사업주 제재 강화…한국신용정보원에 1년간 자료 제공,"산정 기준은 월평균 보수의 3개월분 상습체불 사업주의 경제 제재를 강화하는 근로기준법 개정안이 오는 10월 시행 예정인 가운데 정부가 해당 사업주 결정을 위한 산정 기준을 월평균 보수의 3개월분으로 규정하는 시행령을 내놨다. 한국신용정보원에 관련 사업주의 체불 자료를 제공하는 기간은 1년으로 정했다. 정부는 1일 서울 종로구 정부서울청사에서 국무회의를 열고 고용노동부 소관 법령인 `근로기준법 시행령` 개정안과 `근로복지기본법 시행령` 개정안 등 대통령령 두 건을 심의, 의결했다. 두 개정안의 시행일은 각각 10월 23일과 이달 8일이다. 근로기준법 시행령 개정안은 오는 10월 시행하는 근로기준법 개정안 후속 조치로 마련됐다. 해당 근로기준법은 상습적이거나 여러 근로자에게 임금체불 피해를 준 사업주가 공공 부문에 입찰할 때 불이익 조치 등의 경제 제재를 강화하도록 했다. 또 고용부 장관이 매년 관련 사업주를 지정해 이들의 체불 자료를 종합신용정보집중기관(한국신용정보원)에 제공하는 내용이 담겼다. 이번 시행령 개정안은 이 같은 법 시행 과정에서 상습체불 사업주를 결정하기 위한 산정 기준인 3개월분 임금을 `고용보험 및 산업재해보상보험의 보험료징수 등에 관한 법률`에 따라 산정된 월평균 보수의 3개월분으로 규정했다. 임금 등의 체불 횟수는 임금 등을 지급받지 못한 근로자 수에 따라 산정하도록 했다. 한국신용정보원에 체불 자료를 제공하는 기간은 체불 자료의 제공일부터 1년으로 규정했다. 근로자의 근로 조건을 보호하기 위해 고용부가 감독 과정에서 중앙행정기관의 장 등에게 사업·근로소득 지급명세서와 건강보험료 체납 사업장 정보 등 필요한 정보를 요청할 수 있도록 요청 대상의 정보와 자료 범위도 구체화했다. 고용부 관계자는 ""기존에도 임금체불 사업주를 상대로 신용 제재가 있긴 했지만 이번엔 3개월분의 임금 체불액이 확인되거나 체불 횟수가 5회 이상이고 체불액이 3000만원이 넘어가면 유죄 확정판결 요건 없이도 바로 신용 제재가 가능하도록 한 것이 특징""이라고 설명했다. 이어 ""임금체불 위험성이 있는 사업장을 미리 살피기 위해 필요 정보를 관계기관에 요청하는 내용도 포함했다""고 했다. 이번 개정안은 상습체불 사업주가 임금 등의 체불 자료 제공일 전까지 체불임금 등을 전액 지급하거나 체불임금 등의 일부를 지급했을 때, 남은 체불임금 등의 구체적인 청산 계획을 소명하며 청산하려고 성실히 노력할 경우 체불 자료 제공에서 제외하는 내용도 포함했다. 근로복지기본법 시행령 개정안은 우리사주조합 대표자가 부재 등의 이유로 총회를 열 수 없을 때 조합의 규약이 정하는 임원이 총회를 개최하도록 하고, 그 임원이 총회를 열지 않을 때는 전체 조합원의 과반수 동의를 받은 조합원이 총회를 열도록 하는 근거를 담았다. 우리사주제도 도입을 지원하는 데 그쳤던 수탁 기관(한국증권금융㈜) 업무 범위를 조합 기금 조성, 관리 및 사용 관련 업무 지원 등으로 확대하는 내용도 포함했다. 또 우리사주조합 조합원 자격에 관한 지배관계회사의 지분 요건의 `소유` 개념은 `직접 소유`로 명시해 지분 요건 개념을 명확히 했다. 우리사주제도는 근로자가 우리사주조합을 통해 자신이 근무하는 회사의 주식을 취득, 보유할 수 있도록 해 근로자의 재산 형성과 장기근속, 노사 협력 증진을 도모하는 제도다.",https://n.news.naver.com/mnews/article/277/0005570737,https://imgnews.pstatic.net/image/277/2025/04/01/0005570737_001_20250401094514452.jpg?type=w800
